<?xml version="1.0" encoding="UTF-8" standalone="no"?>
<synergyConfiguration version="3">
  <generalSettings>
    <option key="#Board#" value="board.gw002_rev1_3"/>
    <option key="CPU" value="S7G2"/>
    <option key="#TargetName#" value="R7FS7G27H2A01CBD"/>
    <option key="#TargetARCHITECTURE#" value="cortex-m4"/>
    <option key="#RTOS#" value="Express Logic ThreadX"/>
    <option key="#pinconfiguration#" value="GW2.pincfg"/>
    <option key="#SSPVersion#" value="1.2.0"/>
    <option key="#DefaultLinkerScript#" value="S7G2.ld"/>
    <option key="#ConfigurationFragments#" value="Avnet##BSP##GW002##gw002_rev1_3##"/>
  </generalSettings>
  <synergyBspConfiguration>
    <config id="config.bsp.s7g2.R7FS7G27H2A01CBD">
      <property id="config.bsp.part_number" value="config.bsp.part_number.value"/>
      <property id="config.bsp.rom_size_bytes" value="config.bsp.rom_size_bytes.value"/>
      <property id="config.bsp.ram_size_bytes" value="config.bsp.ram_size_bytes.value"/>
      <property id="config.bsp.data_flash_size_bytes" value="config.bsp.data_flash_size_bytes.value"/>
      <property id="config.bsp.package_style" value="config.bsp.package_style.value"/>
      <property id="config.bsp.package_pins" value="config.bsp.package_pins.value"/>
    </config>
    <config id="config.bsp.s7g2">
      <property id="config.bsp.series" value="config.bsp.series.value"/>
    </config>
    <config id="config.bsp.s7g2.ssp">
      <property id="config.bsp.s7g2.ssp.OFS0" value="config.bsp.s7g2.ssp.OFS0_Register.default"/>
      <property id="config.bsp.s7g2.ssp.OFS0.iwdt_start_mode" value="config.bsp.s7g2.ssp.OFS0.iwdt_start_mode.disabled"/>
      <property id="config.bsp.s7g2.ssp.OFS0.iwdt_timeout" value="config.bsp.s7g2.ssp.OFS0.iwdt_timeout.2048"/>
      <property id="config.bsp.s7g2.ssp.OFS0.iwdt_divisor" value="config.bsp.s7g2.ssp.OFS0.iwdt_divisor.128"/>
      <property id="config.bsp.s7g2.ssp.OFS0.iwdt_window_end" value="config.bsp.s7g2.ssp.OFS0.iwdt_window_end.0"/>
      <property id="config.bsp.s7g2.ssp.OFS0.iwdt_window_start" value="config.bsp.s7g2.ssp.OFS0.iwdt_window_start.100"/>
      <property id="config.bsp.s7g2.ssp.OFS0.iwdt_reset_interrupt" value="config.bsp.s7g2.ssp.OFS0.iwdt_reset_interrupt.Reset"/>
      <property id="config.bsp.s7g2.ssp.OFS0.iwdt_stop_control" value="config.bsp.s7g2.ssp.OFS0.iwdt_stop_control.stops"/>
      <property id="config.bsp.s7g2.ssp.OFS0.wdt_start_mode" value="config.bsp.s7g2.ssp.OFS0.wdt_start_mode.register"/>
      <property id="config.bsp.s7g2.ssp.OFS0.wdt_timeout" value="config.bsp.s7g2.ssp.OFS0.wdt_timeout.16384"/>
      <property id="config.bsp.s7g2.ssp.OFS0.wdt_divisor" value="config.bsp.s7g2.ssp.OFS0.wdt_divisor.128"/>
      <property id="config.bsp.s7g2.ssp.OFS0.wdt_window_end" value="config.bsp.s7g2.ssp.OFS0.wdt_window_end.0"/>
      <property id="config.bsp.s7g2.ssp.OFS0.wdt_window_start" value="config.bsp.s7g2.ssp.OFS0.wdt_window_start.100"/>
      <property id="config.bsp.s7g2.ssp.OFS0.wdt_reset_interrupt" value="config.bsp.s7g2.ssp.OFS0.wdt_reset_interrupt.Reset"/>
      <property id="config.bsp.s7g2.ssp.OFS0.wdt_stop_control" value="config.bsp.s7g2.ssp.OFS0.wdt_stop_control.stops"/>
      <property id="config.bsp.s7g2.ssp.OFS1" value="config.bsp.s7g2.ssp.OFS1_Register.default"/>
      <property id="config.bsp.s7g2.ssp.OFS1.voltage_detection0.start" value="config.bsp.s7g2.ssp.OFS1.voltage_detection0.start.disabled"/>
      <property id="config.bsp.s7g2.ssp.OFS1.voltage_detection0_level" value="config.bsp.s7g2.ssp.OFS1.voltage_detection0_level.280"/>
      <property id="config.bsp.s7g2.ssp.OFS1.hoco_osc" value="config.bsp.s7g2.ssp.OFS1.hoco_osc.disabled"/>
    </config>
    <config id="config.bsp.synergy">
      <property id="config.bsp.common.main" value="0x1000"/>
      <property id="config.bsp.common.process" value="0"/>
      <property id="config.bsp.common.heap" value="0x1000"/>
      <property id="config.bsp.common.vcc" value="3300"/>
      <property id="config.bsp.common.checking" value="config.bsp.common.checking.enabled"/>
      <property id="config.bsp.common.assert" value="config.bsp.common.assert.none"/>
      <property id="config.bsp.common.error_log" value="config.bsp.common.error_log.none"/>
      <property id="config.bsp.common.id1" value="0xFFFFFFFF"/>
      <property id="config.bsp.common.id2" value="0xFFFFFFFF"/>
      <property id="config.bsp.common.id3" value="0xFFFFFFFF"/>
      <property id="config.bsp.common.id4" value="0xFFFFFFFF"/>
    </config>
  </synergyBspConfiguration>
  <synergyClockConfiguration>
    <node id="board.clock.xtal.freq" mul="24000000" option="_edit"/>
    <node id="board.clock.pll.source" option="board.clock.pll.source.xtal"/>
    <node id="board.clock.hoco.freq" option="board.clock.hoco.freq.20m"/>
    <node id="board.clock.loco.freq" option="board.clock.loco.freq.32768"/>
    <node id="board.clock.moco.freq" option="board.clock.moco.freq.8m"/>
    <node id="board.clock.subclk.freq" option="board.clock.subclk.freq.32768"/>
    <node id="board.clock.pll.div" option="board.clock.pll.div.2"/>
    <node id="board.clock.pll.mul" option="board.clock.pll.mul.200"/>
    <node id="board.clock.pll.display" option="board.clock.pll.display.value"/>
    <node id="board.clock.clock.source" option="board.clock.clock.source.pll"/>
    <node id="board.clock.iclk.div" option="board.clock.iclk.div.1"/>
    <node id="board.clock.iclk.display" option="board.clock.iclk.display.value"/>
    <node id="board.clock.pclka.div" option="board.clock.pclka.div.2"/>
    <node id="board.clock.pclka.display" option="board.clock.pclka.display.value"/>
    <node id="board.clock.pclkb.div" option="board.clock.pclkb.div.4"/>
    <node id="board.clock.pclkb.display" option="board.clock.pclkb.display.value"/>
    <node id="board.clock.pclkc.div" option="board.clock.pclkc.div.4"/>
    <node id="board.clock.pclkc.display" option="board.clock.pclkc.display.value"/>
    <node id="board.clock.pclkd.div" option="board.clock.pclkd.div.2"/>
    <node id="board.clock.pclkd.display" option="board.clock.pclkd.display.value"/>
    <node id="board.clock.sdclkout.div" option="board.clock.sdclkout.div.1"/>
    <node id="board.clock.sdclkout.display" option="board.clock.sdclkout.display.value"/>
    <node id="board.clock.bclk.div" option="board.clock.bclk.div.2"/>
    <node id="board.clock.bclk.display" option="board.clock.bclk.display.value"/>
    <node id="board.clock.bclkout.div" option="board.clock.bclkout.div.2"/>
    <node id="board.clock.bclkout.display" option="board.clock.bclkout.display.value"/>
    <node id="board.clock.uclk.div" option="board.clock.uclk.div.5"/>
    <node id="board.clock.uclk.display" option="board.clock.uclk.display.value"/>
    <node id="board.clock.fclk.div" option="board.clock.fclk.div.4"/>
    <node id="board.clock.fclk.display" option="board.clock.fclk.display.value"/>
  </synergyClockConfiguration>
  <synergyComponentSelection>
    <component apiversion="" class="BSP" condition="" group="GW002" subgroup="gw002_rev1_3" variant="" vendor="Avnet" version="1.2.0">
      <description/>
      <originalPack>Avnet.gw002_rev1_3.1.2.0.pack</originalPack>
    </component>
    <component apiversion="" class="BSP" condition="" group="s7g2" subgroup="device" variant="R7FS7G27H2A01CBD" vendor="Renesas" version="1.2.0">
      <description>Board support package for R7FS7G27H2A01CBD</description>
      <originalPack>Renesas.Synergy_mcu_s7g2.1.2.0.pack</originalPack>
    </component>
    <component apiversion="" class="BSP" condition="" group="s7g2" subgroup="device" variant="" vendor="Renesas" version="1.2.0">
      <description>Board support package for S7G2</description>
      <originalPack>Renesas.Synergy_mcu_s7g2.1.2.0.pack</originalPack>
    </component>
    <component apiversion="" class="BSP" condition="" group="s7g2" subgroup="ssp" variant="" vendor="Renesas" version="1.2.0">
      <description>Board support package for S7G2</description>
      <originalPack>Renesas.Synergy_mcu_s7g2.1.2.0.pack</originalPack>
    </component>
    <component apiversion="" class="Common" condition="" group="all" subgroup="ssp_common" variant="" vendor="Renesas" version="1.2.0">
      <description>SSP Common Code</description>
      <originalPack>Renesas.Synergy.1.2.0.pack</originalPack>
    </component>
    <component apiversion="" class="HAL Drivers" condition="" group="all" subgroup="r_cgc" variant="" vendor="Renesas" version="1.2.0">
      <description>Clock Generation Circuit: Provides=[CGC]</description>
      <originalPack>Renesas.Synergy.1.2.0.pack</originalPack>
    </component>
    <component apiversion="" class="HAL Drivers" condition="" group="all" subgroup="r_elc" variant="" vendor="Renesas" version="1.2.0">
      <description>Event Link Controller: Provides=[ELC]</description>
      <originalPack>Renesas.Synergy.1.2.0.pack</originalPack>
    </component>
    <component apiversion="" class="HAL Drivers" condition="" group="all" subgroup="r_fmi" variant="" vendor="Renesas" version="1.2.0">
      <description>Factory MCU Information Module: Provides=[FMI]</description>
      <originalPack>Renesas.Synergy.1.2.0.pack</originalPack>
    </component>
    <component apiversion="" class="HAL Drivers" condition="" group="all" subgroup="r_ioport" variant="" vendor="Renesas" version="1.2.0">
      <description>I/O Port: Provides=[IO Port]</description>
      <originalPack>Renesas.Synergy.1.2.0.pack</originalPack>
    </component>
    <component apiversion="" class="Framework Services" condition="" group="all" subgroup="sf_i2c" variant="" vendor="Renesas" version="1.2.0">
      <description>Framework I2C: Provides=[Framework I2C] , Requires=[ThreadX ,I2C]</description>
      <originalPack>Renesas.Synergy.1.2.0.pack</originalPack>
    </component>
    <component apiversion="" class="HAL Drivers" condition="" group="all" subgroup="r_sci_i2c" variant="" vendor="Renesas" version="1.2.0">
      <description>SCI I2C: Provides=[I2C Master] , Requires=[SCI Common]</description>
      <originalPack>Renesas.Synergy.1.2.0.pack</originalPack>
    </component>
    <component apiversion="" class="Express Logic" condition="" group="all" subgroup="tx" variant="" vendor="Renesas" version="1.2.0">
      <description>Express Logic ThreadX: Provides=[ThreadX]</description>
      <originalPack>Renesas.Synergy.1.2.0.pack</originalPack>
    </component>
    <component apiversion="" class="Framework Services" condition="" group="all" subgroup="sf_uart_comms" variant="" vendor="Renesas" version="1.2.0">
      <description>Framework UART Communications: Provides=[Framework UART] , Requires=[ThreadX ,Communications]</description>
      <originalPack>Renesas.Synergy.1.2.0.pack</originalPack>
    </component>
    <component apiversion="" class="HAL Drivers" condition="" group="all" subgroup="r_dtc" variant="" vendor="Renesas" version="1.2.0">
      <description>Data Transfer Controller: Provides=[Transfer]</description>
      <originalPack>Renesas.Synergy.1.2.0.pack</originalPack>
    </component>
    <component apiversion="" class="HAL Drivers" condition="" group="all" subgroup="r_sci_uart" variant="" vendor="Renesas" version="1.2.0">
      <description>SCI UART: Provides=[UART] , Requires=[SCI Common]</description>
      <originalPack>Renesas.Synergy.1.2.0.pack</originalPack>
    </component>
    <component apiversion="" class="HAL Drivers" condition="" group="all" subgroup="r_riic" variant="" vendor="Renesas" version="1.2.0">
      <description>RIIC: Provides=[I2C Master]</description>
      <originalPack>Renesas.Synergy.1.2.0.pack</originalPack>
    </component>
    <component apiversion="" class="Framework Services" condition="" group="all" subgroup="sf_spi" variant="" vendor="Renesas" version="1.2.0">
      <description>Framework SPI: Provides=[Framework SPI] , Requires=[ThreadX ,SCI SPI]</description>
      <originalPack>Renesas.Synergy.1.2.0.pack</originalPack>
    </component>
    <component apiversion="" class="HAL Drivers" condition="" group="all" subgroup="r_sci_spi" variant="" vendor="Renesas" version="1.2.0">
      <description>SCI SPI: Provides=[SPI] , Requires=[SCI Common]</description>
      <originalPack>Renesas.Synergy.1.2.0.pack</originalPack>
    </component>
    <component apiversion="" class="Express Logic" condition="" group="all" subgroup="tx_src" variant="" vendor="Renesas" version="1.2.0">
      <description>Express Logic ThreadX: Provides=[ThreadX]</description>
      <originalPack>Renesas.Synergy.1.2.0.pack</originalPack>
    </component>
  </synergyComponentSelection>
  <synergyIcuConfiguration/>
  <synergyMessagingConfiguration/>
  <synergyModuleConfiguration>
    <module id="module.driver.cgc_on_cgc.0">
      <property id="module.driver.cgc.name" value="g_cgc"/>
    </module>
    <module id="module.driver.elc_on_elc.0">
      <property id="module.driver.elc.name" value="g_elc"/>
    </module>
    <module id="module.driver.ioport_on_ioport.0">
      <property id="module.driver.ioport.name" value="g_ioport"/>
    </module>
    <module id="module.driver.fmi_on_fmi.0">
      <property id="module.driver.fmi.name" value="g_fmi"/>
    </module>
    <module id="module.framework.sf_i2c_on_sf_i2c.874330659">
      <property id="module.framework.sf_i2c.name" value="g_sf_i2c_io_exp_u18"/>
    </module>
    <module id="module.framework.sf_i2c_bus_on_sf_i2c.2141315230">
      <property id="module.framework.sf_i2c_bus.name" value="g_sf_i2c_bus0"/>
      <property id="module.framework.sf_i2c_bus.i2c_interface" value="module.framework.sf_i2c_bus.i2c_interface.sci"/>
      <property id="module.framework.sf_i2c_bus.channel" value="3"/>
    </module>
    <module id="module.driver.i2c_on_sci_i2c.1922827449">
      <property id="module.driver.i2c.name" value="g_i2c0"/>
      <property id="module.driver.i2c.channel" value="3"/>
      <property id="module.driver.i2c.rate" value="module.driver.i2c.rate.rate_standard"/>
      <property id="module.driver.i2c.slave" value="0x25"/>
      <property id="module.driver.i2c.addr_mode" value="module.driver.i2c.addr_mode.addr_mode_7bit"/>
      <property id="module.driver.i2c.sda_delay" value="300"/>
      <property id="module.driver.i2c.bitrate_modulation" value="module.driver.i2c.bitrate_modulation.true"/>
      <property id="module.driver.i2c.p_callback" value="NULL"/>
      <property id="module.driver.i2c.rxi_ipl" value="board.icu.common.irq.priority2"/>
      <property id="module.driver.i2c.txi_ipl" value="board.icu.common.irq.priority2"/>
      <property id="module.driver.i2c.tei_ipl" value="board.icu.common.irq.priority2"/>
    </module>
    <module id="module.framework.sf_i2c_on_sf_i2c.1267599218">
      <property id="module.framework.sf_i2c.name" value="g_sf_i2c_io_exp_u19"/>
    </module>
    <module id="module.driver.i2c_on_sci_i2c.393739635">
      <property id="module.driver.i2c.name" value="g_i2c1"/>
      <property id="module.driver.i2c.channel" value="3"/>
      <property id="module.driver.i2c.rate" value="module.driver.i2c.rate.rate_standard"/>
      <property id="module.driver.i2c.slave" value="0x27"/>
      <property id="module.driver.i2c.addr_mode" value="module.driver.i2c.addr_mode.addr_mode_7bit"/>
      <property id="module.driver.i2c.sda_delay" value="300"/>
      <property id="module.driver.i2c.bitrate_modulation" value="module.driver.i2c.bitrate_modulation.true"/>
      <property id="module.driver.i2c.p_callback" value="NULL"/>
      <property id="module.driver.i2c.rxi_ipl" value="board.icu.common.irq.priority2"/>
      <property id="module.driver.i2c.txi_ipl" value="board.icu.common.irq.priority2"/>
      <property id="module.driver.i2c.tei_ipl" value="board.icu.common.irq.priority2"/>
    </module>
    <module id="module.framework.sf_comms_on_sf_uart_comms.370069934">
      <property id="module.framework.sf_comms.name" value="g_sf_comms0"/>
    </module>
    <module id="module.driver.uart_on_sci_uart.68489034">
      <property id="module.driver.uart.name" value="g_uart0"/>
      <property id="module.driver.uart.channel" value="5"/>
      <property id="module.driver.uart.baud_rate" value="115200"/>
      <property id="module.driver.uart.data_bits" value="module.driver.uart.data_bits.data_bits_8"/>
      <property id="module.driver.uart.parity" value="module.driver.uart.parity.parity_off"/>
      <property id="module.driver.uart.stop_bits" value="module.driver.uart.stop_bits.stop_bits_1"/>
      <property id="module.driver.uart.ctsrts_en" value="module.driver.uart.ctsrts_en.false"/>
      <property id="module.driver.uart.callback" value="user_uart_callback"/>
      <property id="module.driver.uart.callback.rts_pin_ctrl" value="NULL"/>
      <property id="module.driver.uart.clk_src" value="module.driver.uart.clk_src.int_clk"/>
      <property id="module.driver.uart.baudclk_out" value="module.driver.uart.baudclk_out.false"/>
      <property id="module.driver.uart.rx_edge_start" value="module.driver.uart.rx_edge_start.true"/>
      <property id="module.driver.uart.noisecancel_en" value="module.driver.uart.noisecancel_en.false"/>
      <property id="module.driver.uart.bitrate_modulation" value="module.driver.uart.bitrate_modulation.true"/>
      <property id="module.driver.uart.rxi_ipl" value="board.icu.common.irq.priority5"/>
      <property id="module.driver.uart.txi_ipl" value="board.icu.common.irq.priority5"/>
      <property id="module.driver.uart.tei_ipl" value="board.icu.common.irq.priority5"/>
      <property id="module.driver.uart.eri_ipl" value="board.icu.common.irq.priority5"/>
    </module>
    <module id="module.driver.transfer_on_dtc.591199563">
      <property id="module.driver.transfer.name" value="g_transfer0"/>
      <property id="module.driver.transfer.mode" value="module.driver.transfer.mode.mode_normal"/>
      <property id="module.driver.transfer.size" value="module.driver.transfer.size.size_2_byte"/>
      <property id="module.driver.transfer.dest_addr_mode" value="module.driver.transfer.dest_addr_mode.addr_mode_fixed"/>
      <property id="module.driver.transfer.src_addr_mode" value="module.driver.transfer.src_addr_mode.addr_mode_fixed"/>
      <property id="module.driver.transfer.repeat_area" value="module.driver.transfer.repeat_area.repeat_area_source"/>
      <property id="module.driver.transfer.interrupt" value="module.driver.transfer.interrupt.interrupt_end"/>
      <property id="module.driver.transfer.p_dest" value="NULL"/>
      <property id="module.driver.transfer.p_src" value="NULL"/>
      <property id="module.driver.transfer.length" value="0"/>
      <property id="module.driver.transfer.num_blocks" value="0"/>
      <property id="module.driver.transfer.activation_source" value="module.driver.transfer.event.event_elc_software_event_0"/>
      <property id="module.driver.transfer.auto_enable" value="module.driver.transfer.auto_enable.true"/>
      <property id="module.driver.transfer.p_callback" value="NULL"/>
      <property id="module.driver.transfer.irq_ipl" value="board.icu.common.irq.disabled"/>
    </module>
    <module id="module.driver.transfer_on_dtc.254887425">
      <property id="module.driver.transfer.name" value="g_transfer1"/>
      <property id="module.driver.transfer.mode" value="module.driver.transfer.mode.mode_normal"/>
      <property id="module.driver.transfer.size" value="module.driver.transfer.size.size_2_byte"/>
      <property id="module.driver.transfer.dest_addr_mode" value="module.driver.transfer.dest_addr_mode.addr_mode_fixed"/>
      <property id="module.driver.transfer.src_addr_mode" value="module.driver.transfer.src_addr_mode.addr_mode_fixed"/>
      <property id="module.driver.transfer.repeat_area" value="module.driver.transfer.repeat_area.repeat_area_source"/>
      <property id="module.driver.transfer.interrupt" value="module.driver.transfer.interrupt.interrupt_end"/>
      <property id="module.driver.transfer.p_dest" value="NULL"/>
      <property id="module.driver.transfer.p_src" value="NULL"/>
      <property id="module.driver.transfer.length" value="0"/>
      <property id="module.driver.transfer.num_blocks" value="0"/>
      <property id="module.driver.transfer.activation_source" value="module.driver.transfer.event.event_elc_software_event_0"/>
      <property id="module.driver.transfer.auto_enable" value="module.driver.transfer.auto_enable.true"/>
      <property id="module.driver.transfer.p_callback" value="NULL"/>
      <property id="module.driver.transfer.irq_ipl" value="board.icu.common.irq.disabled"/>
    </module>
    <module id="module.framework.sf_i2c_on_sf_i2c.471638525">
      <property id="module.framework.sf_i2c.name" value="g_ads1015"/>
    </module>
    <module id="module.driver.i2c_on_riic.1605056004">
      <property id="module.driver.i2c.name" value="g_i2c2"/>
      <property id="module.driver.i2c.channel" value="1"/>
      <property id="module.driver.i2c.rate" value="module.driver.i2c.rate.rate_fast"/>
      <property id="module.driver.i2c.slave" value="0x48"/>
      <property id="module.driver.i2c.addr_mode" value="module.driver.i2c.addr_mode.addr_mode_7bit"/>
      <property id="module.driver.i2c.p_callback" value="NULL"/>
      <property id="module.driver.i2c.rxi_ipl" value="board.icu.common.irq.priority2"/>
      <property id="module.driver.i2c.txi_ipl" value="board.icu.common.irq.priority2"/>
      <property id="module.driver.i2c.tei_ipl" value="board.icu.common.irq.priority2"/>
      <property id="module.driver.i2c.eri_ipl" value="board.icu.common.irq.priority2"/>
    </module>
    <module id="module.framework.sf_i2c_bus_on_sf_i2c.1231948051">
      <property id="module.framework.sf_i2c_bus.name" value="g_sf_i2c_bus1"/>
      <property id="module.framework.sf_i2c_bus.i2c_interface" value="module.framework.sf_i2c_bus.i2c_interface.riic"/>
      <property id="module.framework.sf_i2c_bus.channel" value="1"/>
    </module>
    <module id="module.framework.sf_spi_on_sf_spi.562637027">
      <property id="module.framework.sf_spi.name" value="g_sf_spi_device0"/>
      <property id="module.framework.sf_spi.chipselect_port" value="module.framework.sf_spi.chipselect_port.PORT_07"/>
      <property id="module.framework.sf_spi.chipselect_pin" value="module.framework.sf_spi.chipselect_pin.PIN_11"/>
      <property id="module.framework.sf_spi.chipselectactive" value="module.framework.sf_spi.chipselectactive.low"/>
    </module>
    <module id="module.framework.sf_spi_bus_on_sf_spi.1697961590">
      <property id="module.framework.sf_spi_bus.name" value="g_sf_spi_bus0"/>
      <property id="module.framework.sf_spi_bus.spi_interface" value="module.framework.sf_spi_bus.spi_interface.sci"/>
      <property id="module.framework.sf_spi_bus.channel" value="1"/>
    </module>
    <module id="module.driver.spi_on_sci_spi.891126098">
      <property id="module.driver.spi.name" value="g_spi0"/>
      <property id="module.driver.spi.channel" value="1"/>
      <property id="module.driver.spi.operating_mode" value="module.driver.spi.operating_mode.mode_master"/>
      <property id="module.driver.spi.clk_phase" value="module.driver.spi.clk_phase.clk_phase_edge_odd"/>
      <property id="module.driver.spi.clk_polarity" value="module.driver.spi.clk_polarity.clk_polarity_low"/>
      <property id="module.driver.spi.mode_fault" value="module.driver.spi.mode_fault.mode_fault_error_disable"/>
      <property id="module.driver.spi.bit_order" value="module.driver.spi.bit_order.bit_order_msb_first"/>
      <property id="module.driver.spi.bitrate" value="10000"/>
      <property id="module.driver.spi.bitrate_modulation" value="module.driver.spi.bitrate_modulation.true"/>
      <property id="module.driver.spi.p_callback" value="NULL"/>
      <property id="module.driver.spi.rxi_ipl" value="board.icu.common.irq.priority2"/>
      <property id="module.driver.spi.txi_ipl" value="board.icu.common.irq.priority2"/>
      <property id="module.driver.spi.tei_ipl" value="board.icu.common.irq.priority2"/>
      <property id="module.driver.spi.eri_ipl" value="board.icu.common.irq.priority2"/>
    </module>
    <module id="module.driver.transfer_on_dtc.265081004">
      <property id="module.driver.transfer.name" value="g_transfer2"/>
      <property id="module.driver.transfer.mode" value="module.driver.transfer.mode.mode_normal"/>
      <property id="module.driver.transfer.size" value="module.driver.transfer.size.size_2_byte"/>
      <property id="module.driver.transfer.dest_addr_mode" value="module.driver.transfer.dest_addr_mode.addr_mode_fixed"/>
      <property id="module.driver.transfer.src_addr_mode" value="module.driver.transfer.src_addr_mode.addr_mode_fixed"/>
      <property id="module.driver.transfer.repeat_area" value="module.driver.transfer.repeat_area.repeat_area_source"/>
      <property id="module.driver.transfer.interrupt" value="module.driver.transfer.interrupt.interrupt_end"/>
      <property id="module.driver.transfer.p_dest" value="NULL"/>
      <property id="module.driver.transfer.p_src" value="NULL"/>
      <property id="module.driver.transfer.length" value="0"/>
      <property id="module.driver.transfer.num_blocks" value="0"/>
      <property id="module.driver.transfer.activation_source" value="module.driver.transfer.event.event_elc_software_event_0"/>
      <property id="module.driver.transfer.auto_enable" value="module.driver.transfer.auto_enable.true"/>
      <property id="module.driver.transfer.p_callback" value="NULL"/>
      <property id="module.driver.transfer.irq_ipl" value="board.icu.common.irq.disabled"/>
    </module>
    <module id="module.driver.transfer_on_dtc.877742602">
      <property id="module.driver.transfer.name" value="g_transfer3"/>
      <property id="module.driver.transfer.mode" value="module.driver.transfer.mode.mode_normal"/>
      <property id="module.driver.transfer.size" value="module.driver.transfer.size.size_2_byte"/>
      <property id="module.driver.transfer.dest_addr_mode" value="module.driver.transfer.dest_addr_mode.addr_mode_fixed"/>
      <property id="module.driver.transfer.src_addr_mode" value="module.driver.transfer.src_addr_mode.addr_mode_fixed"/>
      <property id="module.driver.transfer.repeat_area" value="module.driver.transfer.repeat_area.repeat_area_source"/>
      <property id="module.driver.transfer.interrupt" value="module.driver.transfer.interrupt.interrupt_end"/>
      <property id="module.driver.transfer.p_dest" value="NULL"/>
      <property id="module.driver.transfer.p_src" value="NULL"/>
      <property id="module.driver.transfer.length" value="0"/>
      <property id="module.driver.transfer.num_blocks" value="0"/>
      <property id="module.driver.transfer.activation_source" value="module.driver.transfer.event.event_elc_software_event_0"/>
      <property id="module.driver.transfer.auto_enable" value="module.driver.transfer.auto_enable.true"/>
      <property id="module.driver.transfer.p_callback" value="NULL"/>
      <property id="module.driver.transfer.irq_ipl" value="board.icu.common.irq.disabled"/>
    </module>
    <module id="module.framework.tx_src.1466046747">
      <property id="module.el.tx_src.linkage_warning" value="module.el.tx_src.linkage_warning.disabled"/>
    </module>
    <context id="_hal.0">
      <stack module="module.driver.elc_on_elc.0"/>
      <stack module="module.driver.cgc_on_cgc.0"/>
      <stack module="module.driver.ioport_on_ioport.0"/>
      <stack module="module.driver.fmi_on_fmi.0"/>
      <stack module="module.framework.tx_src.1466046747"/>
    </context>
    <context id="rtos.threadx.thread.1467199529">
      <property id="_symbol" value="pmod_configure_thread"/>
      <property id="rtos.threadx.thread.name" value="PMOD Configure Thread"/>
      <property id="rtos.threadx.thread.stack" value="1024"/>
      <property id="rtos.threadx.thread.priority" value="1"/>
      <property id="rtos.threadx.thread.autostart" value="rtos.threadx.thread.autostart.enabled"/>
      <property id="rtos.threadx.thread.timeslice" value="1"/>
      <stack module="module.framework.sf_i2c_on_sf_i2c.874330659">
        <stack module="module.driver.i2c_on_sci_i2c.1922827449" requires="module.framework.sf_i2c_on_sf_i2c.requires.i2c"/>
        <stack module="module.framework.sf_i2c_bus_on_sf_i2c.2141315230" requires="module.framework.sf_i2c_on_sf_i2c.requires.sf_i2c_bus"/>
      </stack>
      <stack module="module.framework.sf_i2c_on_sf_i2c.1267599218">
        <stack module="module.driver.i2c_on_sci_i2c.393739635" requires="module.framework.sf_i2c_on_sf_i2c.requires.i2c"/>
        <stack module="module.framework.sf_i2c_bus_on_sf_i2c.2141315230" requires="module.framework.sf_i2c_on_sf_i2c.requires.sf_i2c_bus"/>
      </stack>
      <object id="rtos.threadx.object.flags.1249005551">
        <property id="rtos.threadx.object.flags.name" value="IO Exp Config Event Flags"/>
        <property id="rtos.threadx.object.flags.symbol" value="g_config_done_flags"/>
      </object>
      <object id="rtos.threadx.object.mutex.1937015880">
        <property id="rtos.threadx.object.mutex.name" value="GPIO Lock Mutex"/>
        <property id="rtos.threadx.object.mutex.symbol" value="g_gpio_lock_mutex"/>
        <property id="rtos.threadx.object.mutex.inherit" value="rtos.threadx.object.mutex.inherit.disabled"/>
      </object>
    </context>
    <context id="rtos.threadx.thread.324395279">
      <property id="_symbol" value="pmod1_run_thread"/>
      <property id="rtos.threadx.thread.name" value="PMOD1 Output LED Run Thread"/>
      <property id="rtos.threadx.thread.stack" value="1024"/>
      <property id="rtos.threadx.thread.priority" value="1"/>
      <property id="rtos.threadx.thread.autostart" value="rtos.threadx.thread.autostart.enabled"/>
      <property id="rtos.threadx.thread.timeslice" value="1"/>
    </context>
    <context id="rtos.threadx.thread.1799831043">
      <property id="_symbol" value="pmod2_run_thread"/>
      <property id="rtos.threadx.thread.name" value="PMOD 2 Input Run Thread"/>
      <property id="rtos.threadx.thread.stack" value="1024"/>
      <property id="rtos.threadx.thread.priority" value="1"/>
      <property id="rtos.threadx.thread.autostart" value="rtos.threadx.thread.autostart.enabled"/>
      <property id="rtos.threadx.thread.timeslice" value="1"/>
    </context>
    <context id="rtos.threadx.thread.370481020">
      <property id="_symbol" value="pmod4_run_thread"/>
      <property id="rtos.threadx.thread.name" value="PMOD4 UART Run Thread"/>
      <property id="rtos.threadx.thread.stack" value="2048"/>
      <property id="rtos.threadx.thread.priority" value="1"/>
      <property id="rtos.threadx.thread.autostart" value="rtos.threadx.thread.autostart.enabled"/>
      <property id="rtos.threadx.thread.timeslice" value="1"/>
      <stack module="module.framework.sf_comms_on_sf_uart_comms.370069934">
        <stack module="module.driver.uart_on_sci_uart.68489034" requires="module.framework.sf_comms_on_sf_uart_comms.requires.uart">
          <stack module="module.driver.transfer_on_dtc.591199563" requires="module.driver.uart_on_sci_uart.requires.transfer_tx"/>
          <stack module="module.driver.transfer_on_dtc.254887425" requires="module.driver.uart_on_sci_uart.requires.transfer_rx"/>
        </stack>
      </stack>
    </context>
    <context id="rtos.threadx.thread.618690147">
      <property id="_symbol" value="pmod6_run_thread"/>
      <property id="rtos.threadx.thread.name" value="PMOD6 I2C ADS1015 Thread"/>
      <property id="rtos.threadx.thread.stack" value="1024"/>
      <property id="rtos.threadx.thread.priority" value="1"/>
      <property id="rtos.threadx.thread.autostart" value="rtos.threadx.thread.autostart.enabled"/>
      <property id="rtos.threadx.thread.timeslice" value="1"/>
      <stack module="module.framework.sf_i2c_on_sf_i2c.471638525">
        <stack module="module.driver.i2c_on_riic.1605056004" requires="module.framework.sf_i2c_on_sf_i2c.requires.i2c"/>
        <stack module="module.framework.sf_i2c_bus_on_sf_i2c.1231948051" requires="module.framework.sf_i2c_on_sf_i2c.requires.sf_i2c_bus"/>
      </stack>
    </context>
    <context id="rtos.threadx.thread.276520666">
      <property id="_symbol" value="pmod3_run_thread"/>
      <property id="rtos.threadx.thread.name" value="PMOD3 SPI BMC150 Run Thread"/>
      <property id="rtos.threadx.thread.stack" value="1024"/>
      <property id="rtos.threadx.thread.priority" value="1"/>
      <property id="rtos.threadx.thread.autostart" value="rtos.threadx.thread.autostart.enabled"/>
      <property id="rtos.threadx.thread.timeslice" value="1"/>
      <stack module="module.framework.sf_spi_on_sf_spi.562637027">
        <stack module="module.driver.spi_on_sci_spi.891126098" requires="module.framework.sf_spi_on_sf_spi.requires.spi">
          <stack module="module.driver.transfer_on_dtc.265081004" requires="module.driver.spi_on_sci_spi.requires.transfer_tx"/>
          <stack module="module.driver.transfer_on_dtc.877742602" requires="module.driver.spi_on_sci_spi.requires.transfer_rx"/>
        </stack>
        <stack module="module.framework.sf_spi_bus_on_sf_spi.1697961590" requires="module.framework.sf_spi_on_sf_spi.requires.sf_spi_bus"/>
      </stack>
    </context>
    <config id="config.driver.cgc">
      <property id="config.driver.cgc.param_checking_enable" value="config.driver.cgc.param_checking_enable.bsp"/>
      <property id="config.driver.cgc.main_osc_wait" value="config.driver.cgc.main_osc_wait.wait_8163"/>
      <property id="config.driver.cgc.main_osc_clock_source" value="config.driver.cgc.main_osc_clock_source.crystal"/>
      <property id="config.driver.cgc.osc_stop_det_used" value="config.driver.cgc.osc_stop_det_used.enabled"/>
      <property id="config.driver.cgc.subclock_drive" value="config.driver.cgc.subclock_drive.standard"/>
      <property id="config.driver.cgc.low_voltage_mode" value="config.driver.cgc.low_voltage_mode.disabled"/>
    </config>
    <config id="config.driver.ioport">
      <property id="config.driver.ioport.checking" value="config.driver.ioport.checking.system"/>
    </config>
    <config id="config.threadx.thread"/>
    <config id="config.driver.sci_uart">
      <property id="config.driver.sci_uart.external_rts_operation" value="config.driver.sci_uart.external_rts_operation.disabled"/>
      <property id="config.driver.sci_uart.uart_rx_enable" value="config.driver.sci_uart.uart_rx_enable.enabled"/>
      <property id="config.driver.sci_uart.uart_tx_enable" value="config.driver.sci_uart.uart_tx_enable.enabled"/>
      <property id="config.driver.sci_uart.param_checking_enable" value="config.driver.sci_uart.param_checking_enable.bsp"/>
    </config>
    <config id="config.driver.riic">
      <property id="config.driver.riic.param_checking_enable" value="config.driver.riic.param_checking_enable.enabled"/>
    </config>
    <config id="config.driver.sci_i2c">
      <property id="config.driver.sci_i2c.param_checking_enable" value="config.driver.sci_i2c.param_checking_enable.bsp"/>
    </config>
    <config id="config.framework.sf_i2c">
      <property id="config.framework.sf_i2c.param_checking_enable" value="config.framework.sf_i2c.param_checking_enable.enabled"/>
    </config>
    <config id="config.driver.fmi">
      <property id="config.driver.fmi.param_checking_enable" value="config.driver.fmi.param_checking_enable.bsp"/>
      <property id="config.driver.fmi.custom_base_address_symbol" value="g_fmi_data"/>
      <property id="config.driver.fmi.part_number_mask" value="0xFE00"/>
    </config>
    <config id="config.driver.elc">
      <property id="config.driver.elc.checking" value="config.driver.elc.checking.system"/>
    </config>
    <config id="config.framework.sf_uart_comms">
      <property id="config.framework.sf_comms.param_checking_enable" value="config.framework.sf_comms.param_checking_enable.bsp"/>
      <property id="config.framework.sf_comms.read_size" value="15"/>
    </config>
    <config id="config.el.tx_src">
      <property id="config.el.tx_src.error_checking" value="config.el.tx_src.error_checking.enabled"/>
      <property id="config.el.tx_src.timer_ticks_per_second" value=""/>
      <property id="config.el.tx_src.max_priorities" value=""/>
      <property id="config.el.tx_src.minimum_stack" value=""/>
      <property id="config.el.tx_src.timer_thread_stack_size" value=""/>
      <property id="config.el.tx_src.timer_thread_priority" value=""/>
      <property id="config.el.tx_src.trace_time_mask" value=""/>
      <property id="config.el.tx_src.timer_process_in_isr" value="config.el.tx_src.timer_process_in_isr.enabled"/>
      <property id="config.el.tx_src.reactivate_inline" value="config.el.tx_src.reactivate_inline.disabled"/>
      <property id="config.el.tx_src.stack_filling" value="config.el.tx_src.stack_filling.enabled"/>
      <property id="config.el.tx_src.stack_checking" value="config.el.tx_src.stack_checking.disabled"/>
      <property id="config.el.tx_src.preemption_threshold" value="config.el.tx_src.preemption_threshold.disabled"/>
      <property id="config.el.tx_src.redundant_clearing" value="config.el.tx_src.redundant_clearing.enabled"/>
      <property id="config.el.tx_src.no_timer" value="config.el.tx_src.no_timer.disabled"/>
      <property id="config.el.tx_src.notify_callbacks" value="config.el.tx_src.notify_callbacks.disabled"/>
      <property id="config.el.tx_src.inline_thread_resume_suspend" value="config.el.tx_src.inline_thread_resume_suspend.disabled"/>
      <property id="config.el.tx_src.not_interruptable" value="config.el.tx_src.not_interruptable.disabled"/>
      <property id="config.el.tx_src.event_trace" value="config.el.tx_src.event_trace.enabled"/>
      <property id="config.el.tx_src.trace_buf_name" value="g_tx_trace_buffer"/>
      <property id="config.el.tx_src.trace_buf_size" value="65536"/>
      <property id="config.el.tx_src.num_registries" value="30"/>
      <property id="config.el.tx_src.block_pool_performance_info" value="config.el.tx_src.block_pool_performance_info.disabled"/>
      <property id="config.el.tx_src.byte_pool_performance_info" value="config.el.tx_src.byte_pool_performance_info.disabled"/>
      <property id="config.el.tx_src.event_flags_performance_info" value="config.el.tx_src.event_flags_performance_info.disabled"/>
      <property id="config.el.tx_src.mutex_performance_info" value="config.el.tx_src.mutex_performance_info.disabled"/>
      <property id="config.el.tx_src.queue_performance_info" value="config.el.tx_src.queue_performance_info.disabled"/>
      <property id="config.el.tx_src.semaphore_performance_info" value="config.el.tx_src.semaphore_performance_info.disabled"/>
      <property id="config.el.tx_src.thread_performance_info" value="config.el.tx_src.thread_performance_info.disabled"/>
      <property id="config.el.tx_src.timer_performance_info" value="config.el.tx_src.timer_performance_info.disabled"/>
      <property id="config.el.tx_src.hw_stack_monitoring" value="config.el.tx_src.hw_stack_monitoring.enabled"/>
      <property id="config.el.tx_src.iar_library_support" value="config.el.tx_src.iar_library_support.disabled"/>
      <property id="config.el.tx_src.epk_support" value="config.el.tx_src.epk_support.disabled"/>
      <property id="config.el.tx_src.tx_thread_extension_0" value=""/>
      <property id="config.el.tx_src.tx_thread_extension_1" value=""/>
      <property id="config.el.tx_src.tx_thread_extension_2" value=""/>
      <property id="config.el.tx_src.tx_block_pool_extension" value=""/>
      <property id="config.el.tx_src.tx_byte_pool_extension" value=""/>
      <property id="config.el.tx_src.tx_event_flags_group_extension" value=""/>
      <property id="config.el.tx_src.tx_mutex_extension" value=""/>
      <property id="config.el.tx_src.tx_queue_extension" value=""/>
      <property id="config.el.tx_src.tx_semaphore_extension" value=""/>
      <property id="config.el.tx_src.tx_timer_extension" value=""/>
      <property id="config.el.tx_src.tx_thread_user_extension" value=""/>
      <property id="config.el.tx_src.tx_thread_create_extension" value=""/>
      <property id="config.el.tx_src.tx_thread_delete_extension" value=""/>
      <property id="config.el.tx_src.tx_thread_completed_extension" value=""/>
      <property id="config.el.tx_src.tx_thread_terminated_extension" value=""/>
      <property id="config.el.tx_src.tx_block_pool_create_extension" value=""/>
      <property id="config.el.tx_src.tx_byte_pool_create_extension" value=""/>
      <property id="config.el.tx_src.tx_event_flags_group_create_extension" value=""/>
      <property id="config.el.tx_src.tx_mutex_create_extension" value=""/>
      <property id="config.el.tx_src.tx_queue_create_extension" value=""/>
      <property id="config.el.tx_src.tx_semaphore_create_extension" value=""/>
      <property id="config.el.tx_src.tx_timer_create_extension" value=""/>
      <property id="config.el.tx_src.tx_block_pool_delete_extension" value=""/>
      <property id="config.el.tx_src.tx_byte_pool_delete_extension" value=""/>
      <property id="config.el.tx_src.tx_event_flags_group_delete_extension" value=""/>
      <property id="config.el.tx_src.tx_mutex_delete_extension" value=""/>
      <property id="config.el.tx_src.tx_queue_delete_extension" value=""/>
      <property id="config.el.tx_src.tx_semaphore_delete_extension" value=""/>
      <property id="config.el.tx_src.tx_timer_delete_extension" value=""/>
    </config>
    <config id="config.framework.sf_spi_bus">
      <property id="config.framework.sf_spi_bus.param_checking_enable" value="config.framework.sf_spi_bus.param_checking_enable.bsp"/>
    </config>
    <config id="config.framework.sf_spi">
      <property id="config.framework.sf_spi.param_checking_enable" value="config.framework.sf_spi.param_checking_enable.bsp"/>
    </config>
    <config id="config.driver.sci_spi">
      <property id="config.driver.sci_spi.param_checking_enable" value="config.driver.sci_spi.param_checking_enable.bsp"/>
    </config>
    <config id="config.driver.dtc">
      <property id="config.driver.dtc.param_checking_enable" value="config.driver.dtc.param_checking_enable.bsp"/>
      <property id="config.driver.dtc.software_start" value="config.driver.dtc.software_start.disabled"/>
      <property id="config.driver.dtc.vector_table" value=".ssp_dtc_vector_table"/>
    </config>
  </synergyModuleConfiguration>
  <synergyPinConfiguration>
    <pincfg active="true" name="GW2.pincfg" symbol="g_bsp_pin_cfg"/>
  </synergyPinConfiguration>
</synergyConfiguration>
